{
  "schema": "v1",
  "enabled": true,
  "name": "Thief Stealth",
  "anchor": {
    "Screen": "BottomCenter"
  },
  "pos": [
    0.0,
    0.0
  ],
  "opacity": 1.0,
  "trigger": {
    "source": "Inherit",
    "threshold": {
      "threshold_type": "Always",
      "amount_type": "Intensity"
    }
  },
  "filter": {
    "player": {
      "combat": null,
      "specs": [
        "Thief",
        "Daredevil",
        "Deadeye",
        "Specter",
        "Antiquary"
      ],
      "weapons": [],
      "traits": [],
      "mounts": [
        "None"
      ]
    },
    "map": {
      "category": [],
      "whitelist": true,
      "ids": []
    }
  },
  "animation": null,
  "layer": 0,
  "elements": [
    {
      "enabled": false,
      "name": "Interface Larger",
      "anchor": "Parent",
      "pos": [
        -4.0,
        0.0
      ],
      "opacity": 1.0,
      "trigger": {
        "source": "Inherit",
        "threshold": {
          "threshold_type": "Always",
          "amount_type": "Intensity"
        }
      },
      "filter": {
        "player": {
          "combat": null,
          "specs": [],
          "weapons": [],
          "traits": [],
          "mounts": []
        },
        "map": {
          "category": [],
          "whitelist": true,
          "ids": []
        }
      },
      "animation": null,
      "type": "Group",
      "members": [
        {
          "enabled": true,
          "name": "Stealth",
          "anchor": "Parent",
          "pos": [
            -362.99994,
            -193.59996
          ],
          "opacity": 1.0,
          "trigger": {
            "source": "Inherit",
            "threshold": {
              "threshold_type": "Always",
              "amount_type": "Intensity"
            }
          },
          "filter": {
            "player": {
              "combat": null,
              "specs": [],
              "weapons": [],
              "traits": [],
              "mounts": []
            },
            "map": {
              "category": [],
              "whitelist": true,
              "ids": []
            }
          },
          "animation": null,
          "type": "IconList",
          "layout": "Dynamic",
          "direction": "Up",
          "size": [
            48.39999,
            48.39999
          ],
          "pad": 1.2099998,
          "icons": [
            {
              "enabled": true,
              "name": "Stealth",
              "trigger": {
                "source": {
                  "Buff": [
                    13017,
                    26142,
                    32747,
                    58026
                  ]
                },
                "threshold": {
                  "threshold_type": "Present",
                  "amount_type": "Intensity"
                }
              },
              "filter": {
                "player": {
                  "combat": null,
                  "specs": [],
                  "weapons": [],
                  "traits": [],
                  "mounts": []
                },
                "map": {
                  "category": [],
                  "whitelist": true,
                  "ids": []
                }
              },
              "icon": {
                "File": "Stealth\\Stealth.png"
              },
              "tint": [
                1.0,
                1.0,
                1.0,
                1.0
              ],
              "zoom": 1.0,
              "round": 0.0,
              "border_size": 0.0,
              "border_color": [
                0.0,
                0.0,
                0.0,
                1.0
              ],
              "conditions": [],
              "duration_bar": true,
              "duration_text": false,
              "stacks_text": false
            },
            {
              "enabled": true,
              "name": "Revealed",
              "trigger": {
                "source": {
                  "Buff": [
                    890
                  ]
                },
                "threshold": {
                  "threshold_type": "Present",
                  "amount_type": "Intensity"
                }
              },
              "filter": {
                "player": {
                  "combat": null,
                  "specs": [],
                  "weapons": [],
                  "traits": [],
                  "mounts": []
                },
                "map": {
                  "category": [],
                  "whitelist": true,
                  "ids": []
                }
              },
              "icon": {
                "File": "Stealth\\Revealed.png"
              },
              "tint": [
                1.0,
                1.0,
                1.0,
                1.0
              ],
              "zoom": 0.9999999,
              "round": 0.0,
              "border_size": 0.0,
              "border_color": [
                0.0,
                0.0,
                0.0,
                1.0
              ],
              "conditions": [],
              "duration_bar": true,
              "duration_text": false,
              "stacks_text": false
            }
          ]
        }
      ]
    },
    {
      "enabled": false,
      "name": "Interface Large",
      "anchor": "Parent",
      "pos": [
        -3.0,
        0.0
      ],
      "opacity": 1.0,
      "trigger": {
        "source": "Inherit",
        "threshold": {
          "threshold_type": "Always",
          "amount_type": "Intensity"
        }
      },
      "filter": {
        "player": {
          "combat": null,
          "specs": [],
          "weapons": [],
          "traits": [],
          "mounts": []
        },
        "map": {
          "category": [],
          "whitelist": true,
          "ids": []
        }
      },
      "animation": null,
      "type": "Group",
      "members": [
        {
          "enabled": true,
          "name": "Stealth",
          "anchor": "Parent",
          "pos": [
            -329.99997,
            -175.99998
          ],
          "opacity": 1.0,
          "trigger": {
            "source": "Inherit",
            "threshold": {
              "threshold_type": "Always",
              "amount_type": "Intensity"
            }
          },
          "filter": {
            "player": {
              "combat": null,
              "specs": [],
              "weapons": [],
              "traits": [],
              "mounts": []
            },
            "map": {
              "category": [],
              "whitelist": true,
              "ids": []
            }
          },
          "animation": null,
          "type": "IconList",
          "layout": "Dynamic",
          "direction": "Up",
          "size": [
            43.999996,
            43.999996
          ],
          "pad": 1.0999999,
          "icons": [
            {
              "enabled": true,
              "name": "Stealth",
              "trigger": {
                "source": {
                  "Buff": [
                    13017,
                    26142,
                    32747,
                    58026
                  ]
                },
                "threshold": {
                  "threshold_type": "Present",
                  "amount_type": "Intensity"
                }
              },
              "filter": {
                "player": {
                  "combat": null,
                  "specs": [],
                  "weapons": [],
                  "traits": [],
                  "mounts": []
                },
                "map": {
                  "category": [],
                  "whitelist": true,
                  "ids": []
                }
              },
              "icon": {
                "File": "Stealth\\Stealth.png"
              },
              "tint": [
                1.0,
                1.0,
                1.0,
                1.0
              ],
              "zoom": 1.0,
              "round": 0.0,
              "border_size": 0.0,
              "border_color": [
                0.0,
                0.0,
                0.0,
                1.0
              ],
              "conditions": [],
              "duration_bar": true,
              "duration_text": false,
              "stacks_text": false
            },
            {
              "enabled": true,
              "name": "Revealed",
              "trigger": {
                "source": {
                  "Buff": [
                    890
                  ]
                },
                "threshold": {
                  "threshold_type": "Present",
                  "amount_type": "Intensity"
                }
              },
              "filter": {
                "player": {
                  "combat": null,
                  "specs": [],
                  "weapons": [],
                  "traits": [],
                  "mounts": []
                },
                "map": {
                  "category": [],
                  "whitelist": true,
                  "ids": []
                }
              },
              "icon": {
                "File": "Stealth\\Revealed.png"
              },
              "tint": [
                1.0,
                1.0,
                1.0,
                1.0
              ],
              "zoom": 0.9999999,
              "round": 0.0,
              "border_size": 0.0,
              "border_color": [
                0.0,
                0.0,
                0.0,
                1.0
              ],
              "conditions": [],
              "duration_bar": true,
              "duration_text": false,
              "stacks_text": false
            }
          ]
        }
      ]
    },
    {
      "enabled": true,
      "name": "Interface Normal",
      "anchor": "Parent",
      "pos": [
        0.0,
        0.0
      ],
      "opacity": 1.0,
      "trigger": {
        "source": "Inherit",
        "threshold": {
          "threshold_type": "Always",
          "amount_type": "Intensity"
        }
      },
      "filter": {
        "player": {
          "combat": null,
          "specs": [],
          "weapons": [],
          "traits": [],
          "mounts": []
        },
        "map": {
          "category": [],
          "whitelist": true,
          "ids": []
        }
      },
      "animation": null,
      "type": "Group",
      "members": [
        {
          "enabled": true,
          "name": "Stealth",
          "anchor": "Parent",
          "pos": [
            -300.0,
            -160.0
          ],
          "opacity": 1.0,
          "trigger": {
            "source": "Inherit",
            "threshold": {
              "threshold_type": "Always",
              "amount_type": "Intensity"
            }
          },
          "filter": {
            "player": {
              "combat": null,
              "specs": [],
              "weapons": [],
              "traits": [],
              "mounts": []
            },
            "map": {
              "category": [],
              "whitelist": true,
              "ids": []
            }
          },
          "animation": null,
          "type": "IconList",
          "layout": "Dynamic",
          "direction": "Up",
          "size": [
            40.0,
            40.0
          ],
          "pad": 1.0,
          "icons": [
            {
              "enabled": true,
              "name": "Stealth",
              "trigger": {
                "source": {
                  "Buff": [
                    13017,
                    26142,
                    32747,
                    58026
                  ]
                },
                "threshold": {
                  "threshold_type": "Present",
                  "amount_type": "Intensity"
                }
              },
              "filter": {
                "player": {
                  "combat": null,
                  "specs": [],
                  "weapons": [],
                  "traits": [],
                  "mounts": []
                },
                "map": {
                  "category": [],
                  "whitelist": true,
                  "ids": []
                }
              },
              "icon": {
                "File": "Stealth\\Stealth.png"
              },
              "tint": [
                1.0,
                1.0,
                1.0,
                1.0
              ],
              "zoom": 1.0,
              "round": 0.0,
              "border_size": 0.0,
              "border_color": [
                0.0,
                0.0,
                0.0,
                1.0
              ],
              "conditions": [],
              "duration_bar": true,
              "duration_text": false,
              "stacks_text": false
            },
            {
              "enabled": true,
              "name": "Revealed",
              "trigger": {
                "source": {
                  "Buff": [
                    890
                  ]
                },
                "threshold": {
                  "threshold_type": "Present",
                  "amount_type": "Intensity"
                }
              },
              "filter": {
                "player": {
                  "combat": null,
                  "specs": [],
                  "weapons": [],
                  "traits": [],
                  "mounts": []
                },
                "map": {
                  "category": [],
                  "whitelist": true,
                  "ids": []
                }
              },
              "icon": {
                "File": "Stealth\\Revealed.png"
              },
              "tint": [
                1.0,
                1.0,
                1.0,
                1.0
              ],
              "zoom": 0.9999999,
              "round": 0.0,
              "border_size": 0.0,
              "border_color": [
                0.0,
                0.0,
                0.0,
                1.0
              ],
              "conditions": [],
              "duration_bar": true,
              "duration_text": false,
              "stacks_text": false
            }
          ]
        }
      ]
    },
    {
      "enabled": false,
      "name": "Interface Small",
      "anchor": "Parent",
      "pos": [
        0.0,
        0.0
      ],
      "opacity": 1.0,
      "trigger": {
        "source": "Inherit",
        "threshold": {
          "threshold_type": "Always",
          "amount_type": "Intensity"
        }
      },
      "filter": {
        "player": {
          "combat": null,
          "specs": [],
          "weapons": [],
          "traits": [],
          "mounts": []
        },
        "map": {
          "category": [],
          "whitelist": true,
          "ids": []
        }
      },
      "animation": null,
      "type": "Group",
      "members": [
        {
          "enabled": true,
          "name": "Stealth",
          "anchor": "Parent",
          "pos": [
            -270.0,
            -144.0
          ],
          "opacity": 1.0,
          "trigger": {
            "source": "Inherit",
            "threshold": {
              "threshold_type": "Always",
              "amount_type": "Intensity"
            }
          },
          "filter": {
            "player": {
              "combat": null,
              "specs": [],
              "weapons": [],
              "traits": [],
              "mounts": []
            },
            "map": {
              "category": [],
              "whitelist": true,
              "ids": []
            }
          },
          "animation": null,
          "type": "IconList",
          "layout": "Dynamic",
          "direction": "Up",
          "size": [
            36.0,
            36.0
          ],
          "pad": 0.9,
          "icons": [
            {
              "enabled": true,
              "name": "Stealth",
              "trigger": {
                "source": {
                  "Buff": [
                    13017,
                    26142,
                    32747,
                    58026
                  ]
                },
                "threshold": {
                  "threshold_type": "Present",
                  "amount_type": "Intensity"
                }
              },
              "filter": {
                "player": {
                  "combat": null,
                  "specs": [],
                  "weapons": [],
                  "traits": [],
                  "mounts": []
                },
                "map": {
                  "category": [],
                  "whitelist": true,
                  "ids": []
                }
              },
              "icon": {
                "File": "Stealth\\Stealth.png"
              },
              "tint": [
                1.0,
                1.0,
                1.0,
                1.0
              ],
              "zoom": 1.0,
              "round": 0.0,
              "border_size": 0.0,
              "border_color": [
                0.0,
                0.0,
                0.0,
                1.0
              ],
              "conditions": [],
              "duration_bar": true,
              "duration_text": false,
              "stacks_text": false
            },
            {
              "enabled": true,
              "name": "Revealed",
              "trigger": {
                "source": {
                  "Buff": [
                    890
                  ]
                },
                "threshold": {
                  "threshold_type": "Present",
                  "amount_type": "Intensity"
                }
              },
              "filter": {
                "player": {
                  "combat": null,
                  "specs": [],
                  "weapons": [],
                  "traits": [],
                  "mounts": []
                },
                "map": {
                  "category": [],
                  "whitelist": true,
                  "ids": []
                }
              },
              "icon": {
                "File": "Stealth\\Revealed.png"
              },
              "tint": [
                1.0,
                1.0,
                1.0,
                1.0
              ],
              "zoom": 0.9999999,
              "round": 0.0,
              "border_size": 0.0,
              "border_color": [
                0.0,
                0.0,
                0.0,
                1.0
              ],
              "conditions": [],
              "duration_bar": true,
              "duration_text": false,
              "stacks_text": false
            }
          ]
        }
      ]
    }
  ]
}